Model,Tissue,Sensitivity(Recall),Specificity,PPV(Precision),F1_Score,Accuracy,MCC,ROC_AUC,PR_AUC
MLP,lung,0.8464396284829722,0.7993808049535603,0.8083973979893554,0.8269812462189958,0.8229102167182663,0.6465367186237623,0.8918199158431501,0.8818378493463528
