Model,Tissue,Sensitivity(Recall),Specificity,PPV(Precision),F1_Score,Accuracy,MCC,ROC_AUC,PR_AUC
MLP,heart,0.8024767801857585,0.8606811145510835,0.8520710059171598,0.826530612244898,0.8315789473684211,0.6642840616886345,0.9030605105004361,0.8988836352278776
