layer_size_1,layer_size_2,Sensitivity,Specificity,PPV,F1 Score,Accuracy,MCC,roc_auc,pr_auc
64,64,0.860061919504644,0.7876160990712074,0.8019630484988453,0.829997012249776,0.8238390092879257,0.6493843738956171,0.8895892800659452,0.8832321344004992
128,64,0.8606811145510835,0.81671826625387,0.8244365361803084,0.842169039684944,0.8386996904024768,0.6780549469737821,0.9089346202877435,0.9060827013062406
128,128,0.8643962848297214,0.8043343653250774,0.8154205607476636,0.8391944694920349,0.8343653250773994,0.6699401243647297,0.9071732691773141,0.9054467495864623
256,64,0.8613003095975232,0.7938080495356037,0.8068445475638051,0.833183587900569,0.8275541795665635,0.6566055525883975,0.8990152306645323,0.8896872710096705
256,128,0.8786377708978328,0.804953560371517,0.8183391003460208,0.8474171394446104,0.8417956656346749,0.6854546549066278,0.9086823414391013,0.905807924195749
256,256,0.8421052631578947,0.8352941176470589,0.8364083640836408,0.8392471459426103,0.8386996904024768,0.677415094207185,0.9075336675325173,0.8996089582174286
