FPR,TPR
0.0,0.0
0.0,0.022727272727272728
0.0,0.6363636363636364
0.022727272727272728,0.6363636363636364
0.022727272727272728,0.9545454545454546
0.13636363636363635,0.9545454545454546
0.13636363636363635,0.9772727272727273
0.3409090909090909,0.9772727272727273
0.3409090909090909,1.0
1.0,1.0
