C,Precision,Recall,Specificity,F1,Accuracy,MCC,roc_auc,pr_auc
10,0.9523809523809523,0.9090909090909091,0.9545454545454546,0.9302325581395349,0.9318181818181818,0.8645299348672512,0.9726239669421488,0.9813083210329742
1,0.9302325581395349,0.9090909090909091,0.9318181818181818,0.9195402298850575,0.9204545454545454,0.841126352013584,0.96849173553719,0.9789985363993207
100,0.9090909090909091,0.9090909090909091,0.9090909090909091,0.9090909090909091,0.9090909090909091,0.8181818181818182,0.9705578512396694,0.9766232639137604
