Model,Tissue,Sensitivity(Recall),Specificity,PPV(Precision),F1_Score,Accuracy,MCC,ROC_AUC,PR_AUC
SVM,brain,0.9090909090909091,0.9545454545454546,0.9523809523809523,0.9302325581395349,0.9318181818181818,0.8645299348672512,0.9850206611570248,0.9857374971385958
