layer_size_1,layer_size_2,Sensitivity,Specificity,PPV,F1 Score,Accuracy,MCC,roc_auc,pr_auc
16,16,0.9090909090909091,0.9318181818181818,0.9302325581395349,0.9195402298850575,0.9204545454545454,0.841126352013584,0.9731404958677685,0.974880820089546
32,16,0.9545454545454546,0.9545454545454546,0.9545454545454546,0.9545454545454546,0.9545454545454546,0.9090909090909091,0.9819214876033058,0.9824065505900075
32,32,0.9318181818181818,0.9545454545454546,0.9534883720930233,0.942528735632184,0.9431818181818182,0.8865926413116156,0.9798553719008264,0.9816636075565768
64,16,0.9318181818181818,0.9545454545454546,0.9534883720930233,0.942528735632184,0.9431818181818182,0.8865926413116156,0.9746900826446281,0.9766356492608275
64,32,0.9545454545454546,0.9090909090909091,0.9130434782608695,0.9333333333333332,0.9318181818181818,0.8645299348672512,0.9736570247933884,0.9756855269858297
64,64,0.9545454545454546,0.9545454545454546,0.9545454545454546,0.9545454545454546,0.9545454545454546,0.9090909090909091,0.9746900826446281,0.9764944458294004
