Model,Tissue,Sensitivity(Recall),Specificity,PPV(Precision),F1_Score,Accuracy,MCC,ROC_AUC,PR_AUC
MLP,heart,0.9545454545454546,0.9545454545454546,0.9545454545454546,0.9545454545454546,0.9545454545454546,0.9090909090909091,0.9819214876033058,0.9824065505900075
