Model,Tissue,Features,Sensitivity(Recall),Specificity,PPV(Precision),F1_Score,Accuracy,MCC,ROC_AUC,PR_AUC
MLP,lung,0.8863636363636364,0.9090909090909091,0.9069767441860465,0.896551724137931,0.8977272727272727,0.7956600627155525,0.9545454545454545,0.9583881799641627
